{
    "1": {
        "lower": -2.348172664642334,
        "upper": 2.3775463104248047
    },
    "2": {
        "lower": -0.13942931592464447,
        "upper": 2.9966812133789062
    },
    "3": {
        "lower": 2.11356520652771,
        "upper": -2.066643714904785
    },
    "4": {
        "lower": -0.4533836841583252,
        "upper": 2.6377127170562744
    },
    "5": {
        "lower": -2.175745725631714,
        "upper": 0.10509651154279709
    },
    "6": {
        "lower": -1.4734493494033813,
        "upper": 0.6250476837158203
    },
    "7": {
        "lower": -2.0,
        "upper": 2.0
    }
}